word,colour,stim_condition,correct_res,thisN,thisTrialN,thisRepN,key_resp.keys,key_resp.corr,key_resp.rt,key_resp.duration,trials.thisRepN,trials.thisTrialN,trials.thisN,trials.thisIndex,thisRow.t,notes,instructions.started,text.started,instructions.stopped,trial.started,fixation.started,fixation.stopped,text_3.started,key_resp.started,text_3.stopped,trial.stopped,trials.key_resp.keys,trials.key_resp.corr,trials.key_resp.rt,trials.key_resp.duration,thanks_.started,text_2.started,thanks_.stopped,participant,session,date,expName,expVersion,psychopyVersion,frameRate,expStart,,,,,,,,CONGURENT,INCONGURENT,,,,,,,,,,,,,,,,,,
,,,,,,,,,,,,,,,,,0.018087,0.0364918,1.0048554,,,,,,,,,,,,,,,598103,1,2025-08-23_16h07.16.756,stroop effect aditi,,2025.1.1,59.92258002,2025-08-23 16h07.20.482304 +0530,,,,,,,,,,,,,,,,,,,,,,,,,,,
BLUE,blue,C,b,0,0,0,r,0,4.5037449,None,0,0,0,3,1.0512985,,,,,1.0378966,1.0512985,1.5044143,1.5044143,1.5044143,6.0061842,6.0349681,r,0,4.5037449,None,,,,598103,1,2025-08-23_16h07.16.756,stroop effect aditi,,2025.1.1,59.92258002,2025-08-23 16h07.20.482304 +0530,,,,,,,,4.5037449,,,,,,,,,,,,,,,,,,,
RED,red,C,r,1,1,0,r,1,0.3040625,None,0,1,1,0,6.0504689,,,,,6.044105,6.0504689,6.5362463,6.5362463,6.5362463,,6.8554828,r,1,0.3040625,None,,,,598103,1,2025-08-23_16h07.16.756,stroop effect aditi,,2025.1.1,59.92258002,2025-08-23 16h07.20.482304 +0530,,,,,,,,0.3040625,,,,,,,,,,,,,,,,,,,
RED,blue,I,b,2,2,0,r,0,0.3586439,None,0,2,2,1,6.8708232,,,,,6.8573814,6.8708232,7.3538842,7.3538842,7.3538842,,7.7219144,r,0,0.3586439,None,,,,598103,1,2025-08-23_16h07.16.756,stroop effect aditi,,2025.1.1,59.92258002,2025-08-23 16h07.20.482304 +0530,,,,,,,,2.027092,0.3586439,,Paired Samples T-Test,,,,,,,,,,,,,,,,
BLUE,red,I,r,3,3,0,r,1,1.1194103,None,0,3,3,2,7.7366473,,,,,7.7273218,7.7366473,8.2374061,8.2374061,8.2374061,,9.3706372,r,1,1.1194103,None,,,,598103,1,2025-08-23_16h07.16.756,stroop effect aditi,,2025.1.1,59.92258002,2025-08-23 16h07.20.482304 +0530,,,,,,,,4.6644606,1.1194103,,Paired Samples T-Test,,,,,,,,,,,,,,,,
RED,blue,I,b,4,0,1,r,0,0.7552522,None,1,0,4,1,9.3864217,,,,,9.3768372,9.3864217,9.8708411,9.8708411,9.8708411,,10.6388073,r,0,0.7552522,None,,,,598103,1,2025-08-23_16h07.16.756,stroop effect aditi,,2025.1.1,59.92258002,2025-08-23 16h07.20.482304 +0530,,,,,,,,0.0536601,0.7552522,,Measure 1,,,,Measure 2,,t,,df,,p,,,,,,
BLUE,red,I,r,5,1,1,r,1,0.7273051,None,1,1,5,2,10.6680935,,,,,10.6444287,10.6680935,11.1375302,11.1375302,11.1375302,,11.8730633,r,1,0.7273051,None,,,,598103,1,2025-08-23_16h07.16.756,stroop effect aditi,,2025.1.1,59.92258002,2025-08-23 16h07.20.482304 +0530,,,,,,,,0.1582335,0.7273051,,CONGRUENT,,-,,INCONGRUENT,,1.549,,9,,0.156,,,,,,
RED,red,C,r,6,2,1,r,1,2.027092,None,1,2,6,0,11.9012968,,,,,11.8788902,11.9012968,12.3871623,12.3871623,12.3871623,,14.421663,r,1,2.027092,None,,,,598103,1,2025-08-23_16h07.16.756,stroop effect aditi,,2025.1.1,59.92258002,2025-08-23 16h07.20.482304 +0530,,,,,,,,0.1363326,0.2151191,,,,,,,,,,,,,,,,,,
BLUE,blue,C,b,7,3,1,r,0,4.6644606,None,1,3,7,3,14.4364473,,,,,14.4271256,14.4364473,14.9376059,14.9376059,14.9376059,19.4383231,19.6051881,r,0,4.6644606,None,,,,598103,1,2025-08-23_16h07.16.756,stroop effect aditi,,2025.1.1,59.92258002,2025-08-23 16h07.20.482304 +0530,,,,,,,,0.053597,0.2000296,,Note.  Student's t-test.,,,,,,,,,,,,,,,,
BLUE,red,I,r,8,0,2,r,1,0.2151191,None,2,0,8,2,19.6194236,,,,,19.6068977,19.6194236,20.1042797,20.1042797,20.1042797,,20.3204768,r,1,0.2151191,None,,,,598103,1,2025-08-23_16h07.16.756,stroop effect aditi,,2025.1.1,59.92258002,2025-08-23 16h07.20.482304 +0530,,,,,,,,0.4147655,0.034563,,,,,,,,,,,,,,,,,,
RED,red,C,r,9,1,2,r,1,0.0536601,None,2,1,9,0,20.3365957,,,,,20.3264321,20.3365957,20.8201246,20.8201246,20.8201246,,20.889072,r,1,0.0536601,None,,,,598103,1,2025-08-23_16h07.16.756,stroop effect aditi,,2025.1.1,59.92258002,2025-08-23 16h07.20.482304 +0530,,,,,,,,0.0974154,0.0954854,,Descriptives,,,,,,,,,,,,,,,,
BLUE,blue,C,b,10,2,2,r,0,0.1582335,None,2,2,10,3,20.9176934,,,,,20.895134,20.9176934,21.4029102,21.4029102,21.4029102,,21.572217,r,0,0.1582335,None,,,,598103,1,2025-08-23_16h07.16.756,stroop effect aditi,,2025.1.1,59.92258002,2025-08-23 16h07.20.482304 +0530,,,,,,,,0.1175308,0.0179942,,Descriptives Plots,,,,,,,,,,,,,,,,
RED,blue,I,b,11,3,2,b,1,0.2000296,None,2,3,11,1,21.6001245,,,,,21.5775269,21.6001245,22.0695205,22.0695205,22.0695205,,22.2720097,b,1,0.2000296,None,,,,598103,1,2025-08-23_16h07.16.756,stroop effect aditi,,2025.1.1,59.92258002,2025-08-23 16h07.20.482304 +0530,,,,,,,,0.1237583,0.0606337,,CONGRUENT - INCONGRUENT,,,,,,,,,,,,,,,,
RED,red,C,r,12,0,3,b,0,0.1363326,None,3,0,12,0,22.2871688,,,,,22.2734808,22.2871688,22.7861869,22.7861869,22.7861869,,22.9385539,b,0,0.1363326,None,,,,598103,1,2025-08-23_16h07.16.756,stroop effect aditi,,2025.1.1,59.92258002,2025-08-23 16h07.20.482304 +0530,,,,,,,,0.0082229,0.1043898,,,,,,,,,,,,,,,,,,
BLUE,blue,C,b,13,1,3,r,0,0.053597,None,3,1,13,3,22.9527662,,,,,22.9441274,22.9527662,23.4369311,23.4369311,23.4369311,,23.5051926,r,0,0.053597,None,,,,598103,1,2025-08-23_16h07.16.756,stroop effect aditi,,2025.1.1,59.92258002,2025-08-23 16h07.20.482304 +0530,,,,,,,,0.2296327,0.1025177,,,,,,,,,,,,,,,,,,
RED,blue,I,b,14,2,3,b,1,0.034563,None,3,2,14,1,23.5354832,,,,,23.5108494,23.5354832,24.0039332,24.0039332,24.0039332,,24.0549733,b,1,0.034563,None,,,,598103,1,2025-08-23_16h07.16.756,stroop effect aditi,,2025.1.1,59.92258002,2025-08-23 16h07.20.482304 +0530,,,,,,,,0.1892889,0.0537574,,,,,,,,Results,,,,,,,,,,
BLUE,red,I,r,15,3,3,b,0,0.0954854,None,3,3,15,2,24.0851865,,,,,24.0614357,24.0851865,24.5533707,24.5533707,24.5533707,,24.6555279,b,0,0.0954854,None,,,,598103,1,2025-08-23_16h07.16.756,stroop effect aditi,,2025.1.1,59.92258002,2025-08-23 16h07.20.482304 +0530,,,,,,,,0.2140546,0.1926497,,Bar Plots,,,,,,Descriptive Statistics,,,,,,,,,,
BLUE,red,I,r,16,0,4,r,1,0.0179942,None,4,0,16,2,24.6703577,,,,,24.6570263,24.6703577,25.1704777,25.1704777,25.1704777,,25.1892588,r,1,0.0179942,None,,,,598103,1,2025-08-23_16h07.16.756,stroop effect aditi,,2025.1.1,59.92258002,2025-08-23 16h07.20.482304 +0530,,,,,,,,2.5039077,0.082885,,CONGRUENT - INCONGRUENT,,,,,,Descriptive Statistics,,,,,,,,,,
BLUE,blue,C,b,17,1,4,b,1,0.4147655,None,4,1,17,3,25.2034648,,,,,25.1907124,25.2034648,25.7032625,25.7032625,25.7032625,,26.1223284,b,1,0.4147655,None,,,,598103,1,2025-08-23_16h07.16.756,stroop effect aditi,,2025.1.1,59.92258002,2025-08-23 16h07.20.482304 +0530,,,,,,,,0.0791352,0.2582537,,,,,,,,,,key_resp.rt,,,,,,,,
RED,blue,I,b,18,2,4,b,1,0.0606337,None,4,2,18,1,26.1518388,,,,,26.1285462,26.1518388,26.6371832,26.6371832,26.6371832,,26.7062509,b,1,0.0606337,None,,,,598103,1,2025-08-23_16h07.16.756,stroop effect aditi,,2025.1.1,59.92258002,2025-08-23 16h07.20.482304 +0530,,,,,,,,0.0166384,0.1442597,,,,,,,,,,C,,I,,,,,,
RED,red,C,r,19,3,4,b,0,0.0974154,None,4,3,19,0,26.7199207,,,,,26.7077362,26.7199207,27.2202817,27.2202817,27.2202817,,27.3210933,b,0,0.0974154,None,,,,598103,1,2025-08-23_16h07.16.756,stroop effect aditi,,2025.1.1,59.92258002,2025-08-23 16h07.20.482304 +0530,,,,,,,,0.3747064,0.3029942,,,,,,,,Valid,,20,,20,,,,,,
BLUE,red,I,r,20,0,5,b,0,0.1043898,None,5,0,20,2,27.3362693,,,,,27.3267091,27.3362693,27.8201705,27.8201705,27.8201705,,27.9385934,b,0,0.1043898,None,,,,598103,1,2025-08-23_16h07.16.756,stroop effect aditi,,2025.1.1,59.92258002,2025-08-23 16h07.20.482304 +0530,,,,,,,,,0.1685565,,,,,,,,Missing,,0,,0,,,,,,
BLUE,blue,C,b,21,1,5,b,1,0.1175308,None,5,1,21,3,27.9538642,,,,,27.9402976,27.9538642,28.4534175,28.4534175,28.4534175,,28.5722872,b,1,0.1175308,None,,,,598103,1,2025-08-23_16h07.16.756,stroop effect aditi,,2025.1.1,59.92258002,2025-08-23 16h07.20.482304 +0530,,,,,,,,,0.2365721,,,,,,,,Mean,,0.814,,0.262,,,,,,
RED,blue,I,b,22,2,5,b,1,0.1025177,None,5,2,22,1,28.599928,,,,,28.5784415,28.599928,29.0869432,29.0869432,29.0869432,,29.2044598,b,1,0.1025177,None,,,,598103,1,2025-08-23_16h07.16.756,stroop effect aditi,,2025.1.1,59.92258002,2025-08-23 16h07.20.482304 +0530,,,,,,,,,,,,,,,,,Std. Deviation,,1.448,,0.285,,,,,,
RED,red,C,r,23,3,5,b,0,0.1237583,None,5,3,23,0,29.2203494,,,,,29.2060424,29.2203494,29.7028425,29.7028425,29.7028425,,29.8394602,b,0,0.1237583,None,,,,598103,1,2025-08-23_16h07.16.756,stroop effect aditi,,2025.1.1,59.92258002,2025-08-23 16h07.20.482304 +0530,,,,,,,,,,,,,,,,,Minimum,,0.008,,0.018,,,,,,
BLUE,red,I,r,24,0,6,b,0,0.0537574,None,6,0,24,2,29.8682367,,,,,29.8445301,29.8682367,30.353127,30.353127,30.353127,,30.424237,b,0,0.0537574,None,,,,598103,1,2025-08-23_16h07.16.756,stroop effect aditi,,2025.1.1,59.92258002,2025-08-23 16h07.20.482304 +0530,,,,,,,,,,,,,,,,,Maximum,,4.664,,1.119,,,,,,
RED,blue,I,b,25,1,6,b,1,0.1926497,None,6,1,25,1,30.4507934,,,,,30.4329336,30.4507934,30.9371198,30.9371198,30.9371198,,31.1387448,b,1,0.1926497,None,,,,598103,1,2025-08-23_16h07.16.756,stroop effect aditi,,2025.1.1,59.92258002,2025-08-23 16h07.20.482304 +0530,,,,,,,,,,,,,,,,,,,,,,,,,,,
RED,red,C,r,26,2,6,b,0,0.0082229,None,6,2,26,0,31.1535509,,,,,31.1403118,31.1535509,31.6367369,31.6367369,31.6367369,,31.6547871,b,0,0.0082229,None,,,,598103,1,2025-08-23_16h07.16.756,stroop effect aditi,,2025.1.1,59.92258002,2025-08-23 16h07.20.482304 +0530,,,,,,,,,,,,,,,,,Note.  Excluded 2 rows from the analysis that correspond to the missing values of the split-by variable stim_condition,,,,,,,,,,
BLUE,blue,C,b,27,3,6,b,1,0.2296327,None,6,3,27,3,31.6694741,,,,,31.6603007,31.6694741,32.1538243,32.1538243,32.1538243,,32.3905675,b,1,0.2296327,None,,,,598103,1,2025-08-23_16h07.16.756,stroop effect aditi,,2025.1.1,59.92258002,2025-08-23 16h07.20.482304 +0530,,,,,,,,,,,,,,,,,,,,,,,,,,,
RED,red,C,r,28,0,7,b,0,0.1892889,None,7,0,28,0,32.4177762,,,,,32.3957622,32.4177762,32.9034376,32.9034376,32.9034376,,33.1051965,b,0,0.1892889,None,,,,598103,1,2025-08-23_16h07.16.756,stroop effect aditi,,2025.1.1,59.92258002,2025-08-23 16h07.20.482304 +0530,,,,,,,,,,,,,,,,,Paired Samples T-Test,,,,,,,,,,
RED,blue,I,b,29,1,7,b,1,0.082885,None,7,1,29,1,33.1208644,,,,,33.1067422,33.1208644,33.6026871,33.6026871,33.6026871,,33.6897707,b,1,0.082885,None,,,,598103,1,2025-08-23_16h07.16.756,stroop effect aditi,,2025.1.1,59.92258002,2025-08-23 16h07.20.482304 +0530,,,,,,,,,,,,,,,,,,,,,,,,,,,
BLUE,red,I,r,30,2,7,b,0,0.2582537,None,7,2,30,2,33.7176572,,,,,33.6994423,33.7176572,34.2035852,34.2035852,34.2035852,,34.4713051,b,0,0.2582537,None,,,,598103,1,2025-08-23_16h07.16.756,stroop effect aditi,,2025.1.1,59.92258002,2025-08-23 16h07.20.482304 +0530,,,,,,,,,,,,,,,,,,,,,,,,,,,
BLUE,blue,C,b,31,3,7,b,1,0.2140546,None,7,3,31,3,34.4867465,,,,,34.4727553,34.4867465,34.9872965,34.9872965,34.9872965,,35.2051553,b,1,0.2140546,None,,,,598103,1,2025-08-23_16h07.16.756,stroop effect aditi,,2025.1.1,59.92258002,2025-08-23 16h07.20.482304 +0530,,,,,,,,,,,,,,,,,CONGRUENT,,-,,INCONGRUENT,,1.549,,9,,0.156
RED,blue,I,b,32,0,8,b,1,0.1442597,None,8,0,32,1,35.234656,,,,,35.2113991,35.234656,35.7032405,35.7032405,35.7032405,,35.8576562,b,1,0.1442597,None,,,,598103,1,2025-08-23_16h07.16.756,stroop effect aditi,,2025.1.1,59.92258002,2025-08-23 16h07.20.482304 +0530,,,,,,,,,,,,,,,,,,,,,,,,,,,
BLUE,blue,C,b,33,1,8,b,1,2.5039077,None,8,1,33,3,35.8827071,,,,,35.8723356,35.8827071,36.3702764,36.3702764,36.3702764,,38.8878826,b,1,2.5039077,None,,,,598103,1,2025-08-23_16h07.16.756,stroop effect aditi,,2025.1.1,59.92258002,2025-08-23 16h07.20.482304 +0530,,,,,,,,,,,,,,,,,Note.  Student's t-test.,,,,,,,,,,
BLUE,red,I,r,34,2,8,r,1,0.3029942,None,8,2,34,2,38.9029063,,,,,38.8895783,38.9029063,39.3872198,39.3872198,39.3872198,,39.703825,r,1,0.3029942,None,,,,598103,1,2025-08-23_16h07.16.756,stroop effect aditi,,2025.1.1,59.92258002,2025-08-23 16h07.20.482304 +0530,,,,,,,,,,,,,,,,,,,,,,,,,,,
RED,red,C,r,35,3,8,r,1,0.0791352,None,8,3,35,0,39.7193066,,,,,39.7090975,39.7193066,40.2032705,40.2032705,40.2032705,,40.2891362,r,1,0.0791352,None,,,,598103,1,2025-08-23_16h07.16.756,stroop effect aditi,,2025.1.1,59.92258002,2025-08-23 16h07.20.482304 +0530,,,,,,,,,,,,,,,,,Descriptives,,,,,,,,,,
RED,red,C,r,36,0,9,r,1,0.0166384,None,9,0,36,0,40.3036148,,,,,40.2907491,40.3036148,40.8169614,40.8169614,40.8169614,,40.8361561,r,1,0.0166384,None,,,,598103,1,2025-08-23_16h07.16.756,stroop effect aditi,,2025.1.1,59.92258002,2025-08-23 16h07.20.482304 +0530,,,,,,,,,,,,,,,,,Descriptives Plots,,,,,,,,,,
RED,blue,I,b,37,1,9,r,0,0.1685565,None,9,1,37,1,40.8533857,,,,,40.8369667,40.8533857,41.3367088,41.3367088,41.3367088,,41.5219483,r,0,0.1685565,None,,,,598103,1,2025-08-23_16h07.16.756,stroop effect aditi,,2025.1.1,59.92258002,2025-08-23 16h07.20.482304 +0530,,,,,,,,,,,CONGRUENT - INCONGRUENT,,,,,,,,,,,,,,,,
BLUE,red,I,r,38,2,9,r,1,0.2365721,None,9,2,38,2,41.5508938,,,,,41.5280581,41.5508938,42.0195745,42.0195745,42.0195745,,42.2714756,r,1,0.2365721,None,,,,598103,1,2025-08-23_16h07.16.756,stroop effect aditi,,2025.1.1,59.92258002,2025-08-23 16h07.20.482304 +0530,,,,,,,,,,,,,,,,,,,,,,,,,,,
BLUE,blue,C,b,39,3,9,r,0,0.3747064,None,9,3,39,3,42.287153,,,,,42.2729267,42.287153,42.7697494,42.7697494,42.7697494,,43.1551334,r,0,0.3747064,None,,,,598103,1,2025-08-23_16h07.16.756,stroop effect aditi,,2025.1.1,59.92258002,2025-08-23 16h07.20.482304 +0530,,,,,,,,,,,,,,,,,,,,,,,,,,,
,,,,,,,,,,,,,,,,,,,,,,,,,,,,,,,43.1558341,43.1837264,44.1710574,598103,1,2025-08-23_16h07.16.756,stroop effect aditi,,2025.1.1,59.92258002,2025-08-23 16h07.20.482304 +0530,,,,,,,,,,,,,,,,,,,,,,,,,,,
